<?xml version="1.0" encoding="UTF-8"?>
<metadata xml:lang="en"><Esri><CreaDate>20210128</CreaDate><CreaTime>22135900</CreaTime><ArcGISFormat>1.0</ArcGISFormat><SyncOnce>TRUE</SyncOnce><DataProperties><lineage><Process Name="Raster to Polyline" ToolSource="c:\program files (x86)\arcgis\desktop10.8\ArcToolbox\Toolboxes\Conversion Tools.tbx\RasterToPolyline" Date="20210128" Time="221359">RasterToPolyline D:\DSMA\workspace\hydrology.gdb\strorder D:\DSMA\drainagenetwork\DN.shp ZERO 0 NO_SIMPLIFY Value</Process></lineage></DataProperties></Esri></metadata>
